Image,Rocky Linux,Ubuntu,Debian
aodh,U,U,U
barbican,U,U,U
bifrost,N,N,N
blazar,U,U,U
ceilometer,U,U,U
cinder,U,U,U
cloudkitty,U,U,U
collectd,U,U,U
cron,U,U,U
cyborg,U,U,U
designate,U,U,U
dnsmasq,U,U,U
etcd,U,U,U
fluentd,U,U,U
glance,U,U,U
gnocchi,U,U,U
grafana,U,U,U
hacluster,N,U,U
haproxy,U,U,U
heat,U,U,U
horizon,U,U,U
influxdb,N,U,U
ironic,U,U,U
iscsid,U,U,U
keepalived,U,U,U
keystone,U,U,U
kolla-toolbox,U,U,U
kuryr,U,U,U
magnum,U,U,U
manila,U,U,U
mariadb,U,U,U
masakari,U,U,U
memcached,U,U,U
mistral,U,U,U
multipathd,U,U,U
neutron,U,U,U
neutron-mlnx-agent,U,U,U
nova,U,U,U
nova-spicehtml5proxy,N,U,U
octavia,U,U,U
openvswitch,U,U,U
opensearch,U,U,U
ovn,U,U,U
ovsdpdk,N,U,U
placement,U,U,U
prometheus,U,U,U
rabbitmq,U,U,U
skyline,U,U,U
tacker,U,U,U
telegraf,N,N,N
tgtd,U,U,U
trove,U,U,U
valkey,U,U,U
watcher,U,U,U
zun,U,U,U
